{
    "row": 13,
    "col": 13,
    "flagsCount": 8,
    "isGameActive": false,
    "numOfMines": 8,
    "numOfUncovered": 169,
    "time": 0,
    "grid":
    [[0, 0, 0, 0, 0, 0, 0, 0, 1, 9, 1, 0, 0],
    [0, 0, 0, 0, 0, 0, 0, 0, 1, 1, 1, 0, 0],
    [0, 0, 0, 0, 0, 0, 0, 0, 0, 0, 0, 0, 0],
    [0, 0, 0, 0, 0, 0, 0, 1, 1, 1, 0, 0, 0],
    [1, 1, 0, 0, 0, 0, 0, 1, 9, 1, 0, 0, 0],
    [9, 1, 0, 0, 0, 0, 0, 1, 1, 1, 0, 0, 0],
    [1, 1, 1, 1, 1, 0, 0, 0, 0, 0, 0, 0, 0],
    [0, 0, 1, 9, 1, 0, 0, 0, 0, 0, 1, 1, 1],
    [2, 2, 2, 1, 1, 0, 0, 0, 0, 0, 1, 9, 1],
    [9, 9, 1, 0, 0, 0, 0, 0, 0, 0, 1, 1, 1],
    [2, 2, 2, 1, 1, 0, 0, 0, 0, 0, 0, 0, 0],
    [0, 0, 1, 9, 1, 0, 0, 0, 0, 0, 0, 0, 0],
    [0, 0, 1, 1, 1, 0, 0, 0, 0, 0, 0, 0, 0]]
}